A,mu,sigma
6.777625201216383628e-03,2.291907113450236011e+00,9.752226602560536861e+00
